{
  "backend/simulate_camera.py": 1771527078.3897114,
  "backend/seed.py": 1771540827.1926644,
  "backend/app/config.py": 1772926503.9212542,
  "backend/app/main.py": 1772926503.922254,
  "backend/app/dependencies.py": 1771511284.8523896,
  "backend/app/database.py": 1771511284.8463943,
  "backend/app/__init__.py": 1771511284.846248,
  "backend/app/schemas/dashboard.py": 1771511284.8523896,
  "backend/app/schemas/vehicle.py": 1771542772.4577165,
  "backend/app/schemas/auth.py": 1771542771.6837378,
  "backend/app/schemas/report.py": 1771511284.8523896,
  "backend/app/schemas/driver.py": 1771543066.8297198,
  "backend/app/schemas/company.py": 1771542771.9787295,
  "backend/app/schemas/violation.py": 1771542772.911704,
  "backend/app/schemas/camera.py": 1771543067.0617163,
  "backend/app/schemas/safety_score.py": 1771542772.2357225,
  "backend/app/schemas/__init__.py": 1771511284.8463943,
  "backend/app/models/vehicle.py": 1771540919.3881996,
  "backend/app/models/user.py": 1772926503.9212542,
  "backend/app/models/driver.py": 1771540297.117262,
  "backend/app/models/company.py": 1771511284.848844,
  "backend/app/models/violation.py": 1771532986.1826353,
  "backend/app/models/camera.py": 1771540297.498259,
  "backend/app/models/safety_score.py": 1771511284.8503911,
  "backend/app/models/__init__.py": 1771530517.6789558,
  "backend/app/core/permissions.py": 1775505447.5067875,
  "backend/app/core/security.py": 1771511284.8503911,
  "backend/app/core/__init__.py": 1771511284.8473935,
  "backend/app/services/scoring_engine.py": 1774302518.6451218,
  "backend/app/services/fcm_service.py": 1772926503.921154,
  "backend/app/services/dashboard_service.py": 1771511284.8573856,
  "backend/app/services/report_service.py": 1771511284.8573856,
  "backend/app/services/__init__.py": 1771511284.8473935,
  "backend/app/routers/dashboard.py": 1771512694.4312594,
  "backend/app/routers/auth.py": 1771540373.3218167,
  "backend/app/routers/uploads.py": 1771542700.7318268,
  "backend/app/routers/signaling.py": 1771533254.7099254,
  "backend/app/routers/reports.py": 1771511284.862382,
  "backend/app/routers/companies.py": 1771513228.8121104,
  "backend/app/routers/fcm.py": 1772926503.921154,
  "backend/app/routers/webhook.py": 1772926503.922254,
  "backend/app/routers/drivers.py": 1771540402.4237046,
  "backend/app/routers/safety_scores.py": 1771513229.6130214,
  "backend/app/routers/violations.py": 1771542700.851823,
  "backend/app/routers/cameras.py": 1772926503.922254,
  "backend/app/routers/vehicles.py": 1771513229.111077,
  "backend/app/routers/notifications.py": 1772926503.921154,
  "backend/app/routers/__init__.py": 1771511284.8463943,
  "frontend/vite.config.js": 1771533174.0088172,
  "frontend/eslint.config.js": 1771511478.6895266,
  "frontend/src/App.jsx": 1771512241.6206174,
  "frontend/src/main.jsx": 1771512241.6206174,
  "frontend/src/utils/geo.js": 1774301589.7510993,
  "frontend/src/components/common/EventTypeTag.jsx": 1771512241.6126182,
  "frontend/src/components/common/ProtectedRoute.jsx": 1771512241.6116183,
  "frontend/src/components/common/StatCard.jsx": 1771512241.6126182,
  "frontend/src/components/common/SeverityTag.jsx": 1771512241.6126182,
  "frontend/src/components/common/RiskBadge.jsx": 1771512241.6116183,
  "frontend/src/components/layout/AppLayout.jsx": 1771540496.8485122,
  "frontend/src/components/violations/ReviewWorkflow.jsx": 1771533696.4156682,
  "frontend/src/components/charts/RiskDistributionChart.jsx": 1771512241.6196175,
  "frontend/src/components/charts/ViolationTrendChart.jsx": 1771512241.6196175,
  "frontend/src/components/charts/ScoreTrendChart.jsx": 1771512241.6206174,
  "frontend/src/components/charts/ViolationTypeChart.jsx": 1771512241.6196175,
  "frontend/src/hooks/useMediaRecorderBuffer.js": 1771535142.9296615,
  "frontend/src/hooks/usePermission.js": 1771512241.6115375,
  "frontend/src/hooks/useRealtimeUpdates.js": 1772926503.922254,
  "frontend/src/hooks/useStopSignCamera.js": 1775478351.849442,
  "frontend/src/hooks/useWebRTCPublisher.js": 1771543134.3627996,
  "frontend/src/hooks/useViolationAlerts.js": 1774301717.6642525,
  "frontend/src/hooks/useWebRTCViewer.js": 1771543134.6277964,
  "frontend/src/hooks/useStopSignFusion.js": 1774641783.3718612,
  "frontend/src/pages/auth/Login.jsx": 1771540453.9735706,
  "frontend/src/pages/monitoring/ManagerMonitoring.jsx": 1772926503.9264715,
  "frontend/src/pages/drivers/DriverDetail.jsx": 1771512241.6206174,
  "frontend/src/pages/drivers/DriverList.jsx": 1772926503.9264715,
  "frontend/src/pages/reports/Reports.jsx": 1771512241.6206174,
  "frontend/src/pages/dashboard/Dashboard.jsx": 1772926503.9264715,
  "frontend/src/pages/violations/ViolationDetail.jsx": 1771533471.0604453,
  "frontend/src/pages/violations/ViolationList.jsx": 1772926503.9264715,
  "frontend/src/pages/vehicles/VehicleList.jsx": 1771512241.6206174,
  "frontend/src/pages/cameras/DriverCamera.jsx": 1775478351.8501759,
  "frontend/src/pages/cameras/CameraList.jsx": 1771543190.6861303,
  "frontend/src/pages/dev/StopSignSimulation.jsx": 1775478351.8571758,
  "frontend/src/routes/index.jsx": 1775478351.8546019,
  "frontend/src/constants/index.js": 1774302046.0228486,
  "frontend/src/context/AuthContext.jsx": 1772926503.9252536,
  "frontend/src/services/fcm.js": 1772926503.922254,
  "frontend/src/services/stopSignSimulationBus.js": 1775478351.8722873,
  "frontend/src/services/osmService.js": 1775478351.8524485,
  "frontend/src/services/api.js": 1771512241.6096187,
  "frontend/src/services/index.js": 1771540698.1855352,
  "frontend/src/dev/stopSignSimulation.js": 1775478351.8696375,
  "frontend/public/firebase-messaging-sw.js": 1774302925.2956336,
  "README.md": 1776801271.181524,
  "backend/requirements.txt": 1772926503.9212542,
  "frontend/index.html": 1771512241.6206174,
  "frontend/README.md": 1771511478.688894,
  "frontend/public/models/README.md": 1775478351.8501759
}